Run,
ERR8314758,
SRR15732357,
SRR15732367,
SRR15817337,
SRR16235693,
SRR17211188,
SRR17211190,
SRR17241486,
SRR17241499,
SRR17241512,
SRR17241519,
SRR17241532,
SRR17241543,
SRR17241551,
SRR17241552,
SRR17241575,
SRR17241586,
SRR17241594,
SRR17241621,
SRR17241637,
SRR17241683,
SRR17241684,
SRR18048912,
SRR18322358,
SRR18913650,
SRR18913660,
SRR18913688,
SRR18913710,
SRR18913721,
SRR19052818,
SRR19052844,
SRR19052849,
SRR19212930,
SRR19716433,
SRR19716446,
SRR19716457,
SRR19716474,
SRR19906103,
SRR19906111,
SRR19906119,
SRR19906120,
SRR19906124,
SRR19906132,
SRR19906143,
SRR19906147,
SRR19906150,
SRR19906155,
SRR19906156,
SRR19906160,
SRR19906163,
SRR19906164,
SRR19906165,
SRR19906168,
SRR19906170,
SRR19906171,
SRR19906185,
SRR19906188,
SRR19906193,
SRR19906197,
SRR19906199,
SRR19906202,
SRR21357608,
SRR21357612,
ERR1135215, 
